channel,converted
email campaign,51.39622641509434
google ads,52.04882301656495
instagram,46.38643067846608
linkedin,52.474402730375424
